Mars_Perseverance_NRF_1652_0813605622_566ECM_N0791382NCAM02652_04_195J.png,clear
Mars_Perseverance_NLF_1652_0813605470_602ECM_N0791382NCAM02652_04_195J.png,clear
Mars_Perseverance_NRF_1662_0814482861_112ECM_N0791762NCAM14662_01_195J.png,clear
Mars_Perseverance_NRF_1662_0814482774_008ECM_N0791762NCAM14662_04_195J.png,clear
Mars_Perseverance_NLF_1661_0814394029_645ECM_N0791632NCAM14661_04_195J.png,dusty
Mars_Perseverance_NLF_1661_0814394029_645ECM_N0791632NCAM14661_01_195J.png,dusty
Mars_Perseverance_NLF_1661_0814393944_612ECM_N0791632NCAM14661_04_195J.png,clear
Mars_Perseverance_NLF_1652_0813583256_396ECM_N0791382NCAM00501_01_295J.png,dusty
Mars_Perseverance_NLF_1652_0813583193_396ECM_N0791382NCAM00501_01_295J.png,dusty
Mars_Perseverance_NLF_1650_0813417095_917ECM_N0791382NCAM00501_01_295J.png,dusty
Mars_Perseverance_NLF_1650_0813417218_849ECM_N0791382NCAM00501_01_295J.png,dusty
Mars_Perseverance_NLF_1650_0813417032_862ECM_N0791382NCAM00501_01_295J.png,dusty
Mars_Perseverance_NLF_1648_0813234231_270ECM_N0791382NCAM00501_01_295J.png,dusty
Mars_Perseverance_NLF_1648_0813234104_347ECM_N0791382NCAM00501_01_295J.png,clear
Mars_Perseverance_NLF_1648_0813234025_401ECM_N0791382NCAM00501_01_295J.png,dusty
Mars_Perseverance_NRF_1647_0813155412_191ECM_N0791382NCAM14647_01_195J.png,clear
Mars_Perseverance_NLF_1647_0813155276_191ECM_N0791382NCAM14647_04_195J.png,clear
Mars_Perseverance_NRF_1647_0813155502_270ECM_N0791382NCAM14647_04_195J.png,dusty
Mars_Perseverance_NRF_1647_0813155276_191ECM_N0791382NCAM14647_01_195J.png,clear
Mars_Perseverance_NLF_1646_0813073757_159ECM_N0791204NCAM15646_01_195J.png,clear
Mars_Perseverance_NRF_1646_0813073757_159ECM_N0791204NCAM15646_04_195J.png,clear
Mars_Perseverance_NLF_1646_0813065319_362ECM_N0791204NCAM03646_01_195J.png,dusty